RunID,RunTime,Type,Model,URL,QuestionID,Question,Binary_Prob,MCQ_Probs,Numeric_P10,Numeric_P50,Numeric_P90,GTMC1,GTMC1_Signal,BMC_Summary,Explanation_Short
20250831-185558,2025-08-31 18:55:59 +0300,binary,ensemble+gtmc1+bmc,https://www.metaculus.com/questions/578/,578,Will humans go extinct before 2100?,0.312860,,,,,0,{},"{""mean"": 0.35267223681300613, ""p10"": 0.05914613110282778, ""p50"": 0.31285996796664095, ""p90"": 0.7128505376676268, ""posterior_alpha"": 1.038, ""posterior_beta"": 1.912}",Base binary p (ensemble 3): 4.00%
20250831-185558,2025-08-31 18:56:48 +0300,numeric,ensemble+gtmc1+bmc,https://www.metaculus.com/questions/14333/,14333,How old will the oldest living person be in 2100?,,,10.000000,50.000000,90.000000,0,{},"{""mean"": 72.76130933983734, ""p10"": 16.522935445789393, ""p50"": 49.92659887814058, ""p90"": 153.01284579221237}","Base numeric P10/P50/P90: 10.0, 50.0, 90.0"
20250831-185558,2025-08-31 18:57:16 +0300,multiple_choice,ensemble+gtmc1+bmc,https://www.metaculus.com/questions/22427/,22427,"Before 2030, how many new AI labs will be leading labs within 2 years of their founding?",,"{""0 or 1"": 0.16509258596224866, ""2 or 3"": 0.16760568957074157, ""4 or 5"": 0.16772674973797985, ""6 or 7"": 0.16641832485805522, ""8 or 9"": 0.16620487074247126, ""10 or more"": 0.1669517791285036}",,,,0,{},"{""mean"": [0.16509258596224866, 0.16760568957074157, 0.16772674973797985, 0.16641832485805522, 0.16620487074247126, 0.1669517791285036], ""p10"": [0.025723393607150258, 0.02711836850476487, 0.02684364295182434, 0.025984549596992212, 0.026639761313426033, 0.025043304640363587], ""p50"": [0.13241418885073142, 0.13533597377967946, 0.1351624865429559, 0.13349047480597176, 0.13314655610275195, 0.13400446274478056], ""p90"": [0.3527000687175678, 0.3550411374344033, 0.3583821738616554, 0.3566199775771792, 0.3560364943554723, 0.3579035815830896], ""posterior_alpha"": [1.1583333333333334, 1.1583333333333334, 1.1583333333333334, 1.1583333333333334, 1.1583333333333334, 1.1583333333333334]}",Base MCQ vec (ensemble 3)
20250831-185558,2025-08-31 18:58:02 +0300,discrete,ensemble+gtmc1+bmc,https://www.metaculus.com/questions/38880/,38880,How many major US labor strikes with generative AI as one of their main reasons will start in 2029?,,,10.000000,50.000000,90.000000,0,{},"{""mean"": 72.76130933983734, ""p10"": 16.522935445789393, ""p50"": 49.92659887814058, ""p90"": 153.01284579221237}","Base numeric P10/P50/P90: 10.0, 50.0, 90.0"
20250831-193055,2025-08-31 19:30:57 +0300,binary,ensemble+gtmc1+bmc,https://www.metaculus.com/questions/578/,578,Will humans go extinct before 2100?,0.324127,,,,,0,{},"{""mean"": 0.36204556202542315, ""p10"": 0.06370159789764271, ""p50"": 0.32412655890133446, ""p90"": 0.7221243598460688, ""posterior_alpha"": 1.0665, ""posterior_beta"": 1.8835}",Base binary p (ensemble 3): 7.00%
20250831-193055,2025-08-31 19:31:45 +0300,numeric,ensemble+gtmc1+bmc,https://www.metaculus.com/questions/14333/,14333,How old will the oldest living person be in 2100?,,,10.000000,50.000000,90.000000,0,{},"{""mean"": 72.76130933983734, ""p10"": 16.522935445789393, ""p50"": 49.92659887814058, ""p90"": 153.01284579221237}","Base numeric P10/P50/P90: 10.0, 50.0, 90.0"
20250831-193055,2025-08-31 19:32:18 +0300,multiple_choice,ensemble+gtmc1+bmc,https://www.metaculus.com/questions/22427/,22427,"Before 2030, how many new AI labs will be leading labs within 2 years of their founding?",,"{""0 or 1"": 0.16509258596224866, ""2 or 3"": 0.16760568957074157, ""4 or 5"": 0.16772674973797985, ""6 or 7"": 0.16641832485805522, ""8 or 9"": 0.16620487074247126, ""10 or more"": 0.1669517791285036}",,,,0,{},"{""mean"": [0.16509258596224866, 0.16760568957074157, 0.16772674973797985, 0.16641832485805522, 0.16620487074247126, 0.1669517791285036], ""p10"": [0.025723393607150258, 0.02711836850476487, 0.02684364295182434, 0.025984549596992212, 0.026639761313426033, 0.025043304640363587], ""p50"": [0.13241418885073142, 0.13533597377967946, 0.1351624865429559, 0.13349047480597176, 0.13314655610275195, 0.13400446274478056], ""p90"": [0.3527000687175678, 0.3550411374344033, 0.3583821738616554, 0.3566199775771792, 0.3560364943554723, 0.3579035815830896], ""posterior_alpha"": [1.1583333333333334, 1.1583333333333334, 1.1583333333333334, 1.1583333333333334, 1.1583333333333334, 1.1583333333333334]}",Base MCQ vec (ensemble 3)
20250831-193055,2025-08-31 19:33:04 +0300,discrete,ensemble+gtmc1+bmc,https://www.metaculus.com/questions/38880/,38880,How many major US labor strikes with generative AI as one of their main reasons will start in 2029?,,,10.000000,50.000000,90.000000,0,{},"{""mean"": 72.76130933983734, ""p10"": 16.522935445789393, ""p50"": 49.92659887814058, ""p90"": 153.01284579221237}","Base numeric P10/P50/P90: 10.0, 50.0, 90.0"
20250901-114521,2025-09-01 11:45:22 +0300,binary,ensemble+gtmc1+bmc,https://www.metaculus.com/questions/578/,578,Will humans go extinct before 2100?,0.500845,,,,,0,{},"{""mean"": 0.5007498551650892, ""p10"": 0.15439265577369599, ""p50"": 0.5008447825283426, ""p90"": 0.8473946048652039, ""posterior_alpha"": 1.475, ""posterior_beta"": 1.475}",Base binary p (ensemble 3): 50.00%
20250901-114521,2025-09-01 11:46:52 +0300,numeric,ensemble+gtmc1+bmc,https://www.metaculus.com/questions/14333/,14333,How old will the oldest living person be in 2100?,,,10.000000,50.000000,90.000000,0,{},"{""mean"": 72.76130933983734, ""p10"": 16.522935445789393, ""p50"": 49.92659887814058, ""p90"": 153.01284579221237}","Base numeric P10/P50/P90: 10.0, 50.0, 90.0"
20250901-114521,2025-09-01 11:47:57 +0300,multiple_choice,ensemble+gtmc1+bmc,https://www.metaculus.com/questions/22427/,22427,"Before 2030, how many new AI labs will be leading labs within 2 years of their founding?",,"{""0 or 1"": 0.16509258596224866, ""2 or 3"": 0.16760568957074157, ""4 or 5"": 0.16772674973797985, ""6 or 7"": 0.16641832485805522, ""8 or 9"": 0.16620487074247126, ""10 or more"": 0.1669517791285036}",,,,0,{},"{""mean"": [0.16509258596224866, 0.16760568957074157, 0.16772674973797985, 0.16641832485805522, 0.16620487074247126, 0.1669517791285036], ""p10"": [0.025723393607150258, 0.02711836850476487, 0.02684364295182434, 0.025984549596992212, 0.026639761313426033, 0.025043304640363587], ""p50"": [0.13241418885073142, 0.13533597377967946, 0.1351624865429559, 0.13349047480597176, 0.13314655610275195, 0.13400446274478056], ""p90"": [0.3527000687175678, 0.3550411374344033, 0.3583821738616554, 0.3566199775771792, 0.3560364943554723, 0.3579035815830896], ""posterior_alpha"": [1.1583333333333334, 1.1583333333333334, 1.1583333333333334, 1.1583333333333334, 1.1583333333333334, 1.1583333333333334]}",Base MCQ vec (ensemble 3)
20250901-114521,2025-09-01 11:48:40 +0300,discrete,ensemble+gtmc1+bmc,https://www.metaculus.com/questions/38880/,38880,How many major US labor strikes with generative AI as one of their main reasons will start in 2029?,,,10.000000,50.000000,90.000000,0,{},"{""mean"": 72.76130933983734, ""p10"": 16.522935445789393, ""p50"": 49.92659887814058, ""p90"": 153.01284579221237}","Base numeric P10/P50/P90: 10.0, 50.0, 90.0"
20250901-124709,2025-09-01 12:47:10 +0300,binary,ensemble+gtmc1+bmc,https://www.metaculus.com/questions/578/,578,Will humans go extinct before 2100?,0.346560,,,,,1,"{""coalition_rate"": 1.0, ""dispersion"": ""medium"", ""median_of_final_medians"": 48.6, ""median_rounds"": 28, ""runs_csv"": ""gtmc_logs/20250901-124925_q578_runs.csv""}","{""mean"": 0.37327806844097083, ""p10"": 0.0892796798087365, ""p50"": 0.34655985092438646, ""p90"": 0.703371829097455, ""posterior_alpha"": 1.31502, ""posterior_beta"": 2.20498}",Base binary p (ensemble 3): 4.00%
20250901-124709,2025-09-01 12:49:37 +0300,numeric,ensemble+gtmc1+bmc,https://www.metaculus.com/questions/14333/,14333,How old will the oldest living person be in 2100?,,,116.000000,123.000000,135.000000,0,{},"{""mean"": 123.25446895434146, ""p10"": 113.94821988985584, ""p50"": 122.98752611151508, ""p90"": 132.87376097770624}","Base numeric P10/P50/P90: 116.0, 123.0, 135.0"
20250901-124709,2025-09-01 12:51:37 +0300,multiple_choice,ensemble+gtmc1+bmc,https://www.metaculus.com/questions/22427/,22427,"Before 2030, how many new AI labs will be leading labs within 2 years of their founding?",,"{""0 or 1"": 0.16509258596224866, ""2 or 3"": 0.16760568957074157, ""4 or 5"": 0.16772674973797985, ""6 or 7"": 0.16641832485805522, ""8 or 9"": 0.16620487074247126, ""10 or more"": 0.1669517791285036}",,,,0,{},"{""mean"": [0.16509258596224866, 0.16760568957074157, 0.16772674973797985, 0.16641832485805522, 0.16620487074247126, 0.1669517791285036], ""p10"": [0.025723393607150258, 0.02711836850476487, 0.02684364295182434, 0.025984549596992212, 0.026639761313426033, 0.025043304640363587], ""p50"": [0.13241418885073142, 0.13533597377967946, 0.1351624865429559, 0.13349047480597176, 0.13314655610275195, 0.13400446274478056], ""p90"": [0.3527000687175678, 0.3550411374344033, 0.3583821738616554, 0.3566199775771792, 0.3560364943554723, 0.3579035815830896], ""posterior_alpha"": [1.1583333333333334, 1.1583333333333334, 1.1583333333333334, 1.1583333333333334, 1.1583333333333334, 1.1583333333333334]}",Base MCQ vec (ensemble 3)
20250901-124709,2025-09-01 12:52:32 +0300,discrete,ensemble+gtmc1+bmc,https://www.metaculus.com/questions/38880/,38880,How many major US labor strikes with generative AI as one of their main reasons will start in 2029?,,,10.000000,50.000000,90.000000,0,{},"{""mean"": 72.76130933983734, ""p10"": 16.522935445789393, ""p50"": 49.92659887814058, ""p90"": 153.01284579221237}","Base numeric P10/P50/P90: 10.0, 50.0, 90.0"
20250901-131942,2025-09-01 13:19:43 +0300,binary,ensemble+gtmc1+bmc,https://www.metaculus.com/questions/578/,578,Will humans go extinct before 2100?,0.346729,,,,,1,"{""coalition_rate"": 1.0, ""dispersion"": ""medium"", ""median_of_final_medians"": 48.7, ""median_rounds"": 28, ""runs_csv"": ""gtmc_logs/20250901-132158_q578_runs.csv""}","{""mean"": 0.37352194775503383, ""p10"": 0.08937033615459232, ""p50"": 0.34672864148797516, ""p90"": 0.7035584072944251, ""posterior_alpha"": 1.31559, ""posterior_beta"": 2.2044099999999998}",Base binary p (ensemble 3): 4.00%
20250901-131942,2025-09-01 13:22:02 +0300,numeric,ensemble+gtmc1+bmc,https://www.metaculus.com/questions/14333/,14333,How old will the oldest living person be in 2100?,,,118.000000,124.500000,136.000000,0,{},"{""mean"": 124.72784217385014, ""p10"": 115.90384794347611, ""p50"": 124.48818255920366, ""p90"": 133.8307292984972}","Base numeric P10/P50/P90: 118.0, 124.5, 136.0"
20250901-131942,2025-09-01 13:24:38 +0300,multiple_choice,ensemble+gtmc1+bmc,https://www.metaculus.com/questions/22427/,22427,"Before 2030, how many new AI labs will be leading labs within 2 years of their founding?",,"{""0 or 1"": 0.19523408576035567, ""2 or 3"": 0.19953821643120037, ""4 or 5"": 0.16551109798691166, ""6 or 7"": 0.1495350709015738, ""8 or 9"": 0.14490183437805257, ""10 or more"": 0.14527969454190579}",,,,0,{},"{""mean"": [0.19523408576035567, 0.19953821643120037, 0.16551109798691166, 0.1495350709015738, 0.14490183437805257, 0.14527969454190579], ""p10"": [0.03897207179904043, 0.0410182746396271, 0.02587283472099669, 0.01934689957715895, 0.017891680019322936, 0.017355844961117396], ""p50"": [0.16499310237708092, 0.17001214581095825, 0.1321705526377399, 0.11538020853743583, 0.11175711854697981, 0.11166396118206137], ""p90"": [0.3950846005857792, 0.4018743784506913, 0.35393745873580623, 0.328041367984722, 0.3233736493020206, 0.3232449443817983], ""posterior_alpha"": [1.3501472831518595, 1.399768555047078, 1.1500631213507968, 1.0300126242701593, 1.010004208090053, 1.010004208090053]}",Base MCQ vec (ensemble 3)
20250901-131942,2025-09-01 13:25:44 +0300,discrete,ensemble+gtmc1+bmc,https://www.metaculus.com/questions/38880/,38880,How many major US labor strikes with generative AI as one of their main reasons will start in 2029?,,,0.000000,1.500000,4.000000,0,{},"{""mean"": 2.3985706961218904e+16, ""p10"": 6.689368993299127e-07, ""p50"": 1.4711783865129595, ""p90"": 3901033.9221844603}","Base numeric P10/P50/P90: 0.0, 1.5, 4.0"
20250901-151653,2025-09-01 15:16:55 +0300,binary,ensemble+gtmc1+bmc,https://www.metaculus.com/questions/578/,578,Will humans go extinct before 2100?,0.347554,,,,,1,"{""coalition_rate"": 1.0, ""dispersion"": ""medium"", ""median_of_final_medians"": 49.1, ""median_rounds"": 30, ""runs_csv"": ""gtmc_logs/20250901-151817_q578_runs.csv""}","{""mean"": 0.3743455147646818, ""p10"": 0.08994201495395004, ""p50"": 0.34755363035154707, ""p90"": 0.7046542412694334, ""posterior_alpha"": 1.31787, ""posterior_beta"": 2.20213}",Base binary p (ensemble 3): 4.00%
20250901-151653,2025-09-01 15:18:41 +0300,numeric,ensemble+gtmc1+bmc,https://www.metaculus.com/questions/14333/,14333,How old will the oldest living person be in 2100?,,,10.000000,50.000000,90.000000,0,{},"{""mean"": 72.76130933983734, ""p10"": 16.522935445789393, ""p50"": 49.92659887814058, ""p90"": 153.01284579221237}","Base numeric P10/P50/P90: 10.0, 50.0, 90.0"
20250901-151653,2025-09-01 15:21:42 +0300,multiple_choice,ensemble+gtmc1+bmc,https://www.metaculus.com/questions/22427/,22427,"Before 2030, how many new AI labs will be leading labs within 2 years of their founding?",,"{""0 or 1"": 0.20399373151124545, ""2 or 3"": 0.18647613017775175, ""4 or 5"": 0.1700374028330529, ""6 or 7"": 0.15034410584332672, ""8 or 9"": 0.14473748373532352, ""10 or more"": 0.1444111458992995}",,,,0,{},"{""mean"": [0.20399373151124545, 0.18647613017775175, 0.1700374028330529, 0.15034410584332672, 0.14473748373532352, 0.1444111458992995], ""p10"": [0.04328287205384438, 0.03517957589134709, 0.027553226152991987, 0.02048308732296753, 0.017675805907661477, 0.017260248502051725], ""p50"": [0.1744858640221839, 0.15606935070268155, 0.1367740174834086, 0.11590237967696274, 0.1112830770775894, 0.11026466934065268], ""p90"": [0.40870410699382514, 0.3820561777051595, 0.3634126337156935, 0.3306352523774932, 0.3233044297786342, 0.32300715525928214], ""posterior_alpha"": [1.40985576774922, 1.30476874889832, 1.175652471892523, 1.0468406591713395, 1.0117101647928348, 1.0011721874957629]}",Base MCQ vec (ensemble 3)
20250901-151653,2025-09-01 15:22:57 +0300,discrete,ensemble+gtmc1+bmc,https://www.metaculus.com/questions/38880/,38880,How many major US labor strikes with generative AI as one of their main reasons will start in 2029?,,,10.000000,50.000000,90.000000,0,{},"{""mean"": 72.76130933983734, ""p10"": 16.522935445789393, ""p50"": 49.92659887814058, ""p90"": 153.01284579221237}","Base numeric P10/P50/P90: 10.0, 50.0, 90.0"
20250901-160905,2025-09-01 16:09:06 +0300,binary,ensemble+gtmc1+bmc,https://www.metaculus.com/questions/578/,578,Will humans go extinct before 2100?,0.344969,,,,,1,"{""coalition_rate"": 1.0, ""dispersion"": ""medium"", ""median_of_final_medians"": 47.9, ""median_rounds"": 28, ""runs_csv"": ""gtmc_logs/20250901-161110_q578_runs.csv""}","{""mean"": 0.3718814840878301, ""p10"": 0.08856750714208156, ""p50"": 0.3449692414854116, ""p90"": 0.70161166623612, ""posterior_alpha"": 1.31103, ""posterior_beta"": 2.20897}",Base binary p (ensemble 3): 4.00%
20250901-160905,2025-09-01 16:11:14 +0300,numeric,ensemble+gtmc1+bmc,https://www.metaculus.com/questions/14333/,14333,How old will the oldest living person be in 2100?,,,10.000000,50.000000,90.000000,0,{},"{""mean"": 72.76130933983734, ""p10"": 16.522935445789393, ""p50"": 49.92659887814058, ""p90"": 153.01284579221237}","Base numeric P10/P50/P90: 10.0, 50.0, 90.0"
20250901-160905,2025-09-01 16:14:15 +0300,multiple_choice,ensemble+gtmc1+bmc,https://www.metaculus.com/questions/22427/,22427,"Before 2030, how many new AI labs will be leading labs within 2 years of their founding?",,"{""0 or 1"": 0.16509258596224866, ""2 or 3"": 0.16760568957074157, ""4 or 5"": 0.16772674973797985, ""6 or 7"": 0.16641832485805522, ""8 or 9"": 0.16620487074247126, ""10 or more"": 0.1669517791285036}",,,,0,{},"{""mean"": [0.16509258596224866, 0.16760568957074157, 0.16772674973797985, 0.16641832485805522, 0.16620487074247126, 0.1669517791285036], ""p10"": [0.025723393607150258, 0.02711836850476487, 0.02684364295182434, 0.025984549596992212, 0.026639761313426033, 0.025043304640363587], ""p50"": [0.13241418885073142, 0.13533597377967946, 0.1351624865429559, 0.13349047480597176, 0.13314655610275195, 0.13400446274478056], ""p90"": [0.3527000687175678, 0.3550411374344033, 0.3583821738616554, 0.3566199775771792, 0.3560364943554723, 0.3579035815830896], ""posterior_alpha"": [1.1583333333333334, 1.1583333333333334, 1.1583333333333334, 1.1583333333333334, 1.1583333333333334, 1.1583333333333334]}",Base MCQ vec (ensemble 3)
20250901-160905,2025-09-01 16:15:13 +0300,discrete,ensemble+gtmc1+bmc,https://www.metaculus.com/questions/38880/,38880,How many major US labor strikes with generative AI as one of their main reasons will start in 2029?,,,10.000000,50.000000,90.000000,0,{},"{""mean"": 72.76130933983734, ""p10"": 16.522935445789393, ""p50"": 49.92659887814058, ""p90"": 153.01284579221237}","Base numeric P10/P50/P90: 10.0, 50.0, 90.0"
20250901-162059,2025-09-01 16:21:00 +0300,binary,ensemble+gtmc1+bmc,https://www.metaculus.com/questions/578/,578,Will humans go extinct before 2100?,0.314562,,,,,0,{},"{""mean"": 0.35437473358379873, ""p10"": 0.05970999727503196, ""p50"": 0.3145622683587869, ""p90"": 0.7148667010017278, ""posterior_alpha"": 1.04275, ""posterior_beta"": 1.90725}",Base binary p (ensemble 3): 4.50%
20250901-162059,2025-09-01 16:22:33 +0300,numeric,ensemble+gtmc1+bmc,https://www.metaculus.com/questions/14333/,14333,How old will the oldest living person be in 2100?,,,10.000000,50.000000,90.000000,0,{},"{""mean"": 72.76130933983734, ""p10"": 16.522935445789393, ""p50"": 49.92659887814058, ""p90"": 153.01284579221237}","Base numeric P10/P50/P90: 10.0, 50.0, 90.0"
20250901-162059,2025-09-01 16:25:34 +0300,multiple_choice,ensemble+gtmc1+bmc,https://www.metaculus.com/questions/22427/,22427,"Before 2030, how many new AI labs will be leading labs within 2 years of their founding?",,"{""0 or 1"": 0.1853313555778138, ""2 or 3"": 0.20556285349074985, ""4 or 5"": 0.16843170987330858, ""6 or 7"": 0.15098466164513524, ""8 or 9"": 0.1453320031973932, ""10 or more"": 0.14435741621559925}",,,,0,{},"{""mean"": [0.1853313555778138, 0.20556285349074985, 0.16843170987330858, 0.15098466164513524, 0.1453320031973932, 0.14435741621559925], ""p10"": [0.03464121869331133, 0.04440898862328778, 0.026684880099680078, 0.020473338249900393, 0.017838876392471278, 0.017413137241445], ""p50"": [0.15395121601600925, 0.17709704891165576, 0.13540730365803053, 0.11694372626100658, 0.11212222217878863, 0.11105676357308676], ""p90"": [0.383657887963669, 0.40722437381551296, 0.3585272320106741, 0.332039440389729, 0.32377061996297474, 0.32226862327485595], ""posterior_alpha"": [1.2873949579831931, 1.43109243697479, 1.1596638655462186, 1.0478991596638656, 1.0143697478991596, 1.0095798319327731]}",Base MCQ vec (ensemble 3)
20250901-162059,2025-09-01 16:26:57 +0300,discrete,ensemble+gtmc1+bmc,https://www.metaculus.com/questions/38880/,38880,How many major US labor strikes with generative AI as one of their main reasons will start in 2029?,,,0.000000,2.500000,7.000000,0,{},"{""mean"": 9.84198356479223e+16, ""p10"": 8.409241957826187e-07, ""p50"": 2.451046707186459, ""p90"": 8644645.4573474}","Base numeric P10/P50/P90: 0.0, 2.5, 7.0"
20250901-172824,2025-09-01 17:28:25 +0300,binary,ensemble+gtmc1+bmc,https://www.metaculus.com/questions/578/,578,Will humans go extinct before 2100?,0.023407,,,,,0,{},"{""mean"": 0.08737702416818852, ""p10"": 7.585600711174107e-05, ""p50"": 0.023406855738743817, ""p90"": 0.27296528688963406, ""posterior_alpha"": 0.28, ""posterior_beta"": 2.92}",Binary ensemble (3/3 models OK)
20250901-172824,2025-09-01 17:30:40 +0300,numeric,ensemble+gtmc1+bmc,https://www.metaculus.com/questions/14333/,14333,How old will the oldest living person be in 2100?,,,112.448755,118.991308,125.617660,0,{},"{""mean"": 119.02561822604532, ""p10"": 112.44875508360518, ""p50"": 118.99130798086959, ""p90"": 125.61766005642599}",Numeric ensemble (1/3 models OK)
20250901-172824,2025-09-01 17:33:41 +0300,multiple_choice,ensemble+gtmc1+bmc,https://www.metaculus.com/questions/22427/,22427,"Before 2030, how many new AI labs will be leading labs within 2 years of their founding?",,"{""0 or 1"": 0.4052722636400552, ""2 or 3"": 0.2804698469625535, ""4 or 5"": 0.10633370491291223, ""6 or 7"": 0.0737948350875071, ""8 or 9"": 0.06925115806022641, ""10 or more"": 0.06487819133674555}",,,,0,{},"{""mean"": [0.40527226364005425, 0.28046984696255284, 0.10633370491291198, 0.07379483508750694, 0.06925115806022625, 0.0648781913367454], ""p10"": [0.030195407719957733, 0.004872293524950975, 6.083747505493955e-07, 3.2074344428702178e-09, 3.707582770002618e-10, 9.561906196357557e-11], ""p50"": [0.35965900769080394, 0.1823155625107462, 0.009580438248892913, 0.0018534193792229237, 0.0010523707611168063, 0.0006994073480084185], ""p90"": [0.8664726635243529, 0.7351807311967893, 0.38592396707242355, 0.25521397704985144, 0.25384830156151983, 0.22508750129433344], ""posterior_alpha"": [0.6494505494505495, 0.44965034965034967, 0.16993006993006993, 0.11998001998001999, 0.10999000999000999, 0.100999000999001]}",MCQ ensemble (1/3 models OK)
20250901-172824,2025-09-01 17:35:17 +0300,discrete,ensemble+gtmc1+bmc,https://www.metaculus.com/questions/38880/,38880,How many major US labor strikes with generative AI as one of their main reasons will start in 2029?,,,-0.027593,3.495320,7.063355,0,{},"{""mean"": 3.5137944294090193, ""p10"": -0.02759341652028982, ""p50"": 3.4953196820067056, ""p90"": 7.0633554149986155}",Numeric ensemble (1/3 models OK)
20250902-103831,2025-09-02 10:38:33 +0300,binary,ensemble+gtmc1+bmc,https://www.metaculus.com/questions/578/,578,Will humans go extinct before 2100?,0.037951,,,,,0,{},"{""mean"": 0.12724479644844724, ""p10"": 0.00012267484974331098, ""p50"": 0.03795116137383543, ""p90"": 0.40365153582546903, ""posterior_alpha"": 0.28, ""posterior_beta"": 1.92}",Binary ensemble (2/3 models OK)
20250902-103831,2025-09-02 10:39:08 +0300,numeric,ensemble+gtmc1+bmc,https://www.metaculus.com/questions/14333/,14333,How old will the oldest living person be in 2100?,,,114.432807,121.146907,128.470008,0,{},"{""mean"": 121.30146743047345, ""p10"": 114.4328071391548, ""p50"": 121.14690739446331, ""p90"": 128.47000836229765}",Numeric ensemble (2/3 models OK)
20250902-103831,2025-09-02 10:42:09 +0300,multiple_choice,ensemble+gtmc1+bmc,https://www.metaculus.com/questions/22427/,22427,"Before 2030, how many new AI labs will be leading labs within 2 years of their founding?",,"{""0 or 1"": 0.28314198865562795, ""2 or 3"": 0.30556292786750217, ""4 or 5"": 0.15506962097314886, ""6 or 7"": 0.1051483831748266, ""8 or 9"": 0.08089302734089263, ""10 or more"": 0.07018405198800172}",,,,0,{},"{""mean"": [0.2831419886556274, 0.3055629278675016, 0.15506962097314855, 0.1051483831748264, 0.08089302734089247, 0.07018405198800158], ""p10"": [0.005343712411027785, 0.008375502627703342, 4.911897717696727e-05, 7.839144755133683e-07, 1.58680681514558e-08, 5.234072247638651e-10], ""p50"": [0.18658242505111056, 0.21642042678240692, 0.03976802540058895, 0.010664979011141044, 0.002805591943706948, 0.0011246192558496877], ""p90"": [0.7368304874949761, 0.7658698885370997, 0.5099783479041596, 0.3741145452817838, 0.29376691849200137, 0.2511342587774611], ""posterior_alpha"": [0.44999999999999996, 0.49, 0.25, 0.17, 0.13, 0.11]}",MCQ ensemble (1/3 models OK)
20250902-103831,2025-09-02 10:42:36 +0300,discrete,ensemble+gtmc1+bmc,https://www.metaculus.com/questions/38880/,38880,How many major US labor strikes with generative AI as one of their main reasons will start in 2029?,,,1.795916,5.054319,9.021668,0,{},"{""mean"": 5.251855143581306, ""p10"": 1.7959157776392898, ""p50"": 5.054318582833471, ""p90"": 9.021667880098049}",Numeric ensemble (2/3 models OK)
20250902-111004,2025-09-02 11:10:06 +0300,binary,ensemble+gtmc1+bmc,https://www.metaculus.com/questions/578/,578,Will humans go extinct before 2100?,0.006614,,,,,0,{},"{""mean"": 0.05971136602326882, ""p10"": 1.3832208577589344e-06, ""p50"": 0.0066141498436665044, ""p90"": 0.19583641590293363, ""posterior_alpha"": 0.19, ""posterior_beta"": 3.01}",Binary ensemble (3/3 models OK)
20250902-111004,2025-09-02 11:11:06 +0300,numeric,ensemble+gtmc1+bmc,https://www.metaculus.com/questions/14333/,14333,How old will the oldest living person be in 2100?,,,115.238173,123.111235,142.397236,0,{},"{""mean"": 125.86895977380932, ""p10"": 115.23817347837256, ""p50"": 123.1112346902769, ""p90"": 142.39723629048567}",Numeric ensemble (2/3 models OK)
20250902-111004,2025-09-02 11:13:46 +0300,multiple_choice,ensemble+gtmc1+bmc,https://www.metaculus.com/questions/22427/,22427,"Before 2030, how many new AI labs will be leading labs within 2 years of their founding?",,"{""0 or 1"": 0.288790841537493, ""2 or 3"": 0.3698532757818491, ""4 or 5"": 0.1589752964356687, ""6 or 7"": 0.0886148742833594, ""8 or 9"": 0.04694198239712248, ""10 or more"": 0.046823729564507095}",,,,0,{},"{""mean"": [0.2887908415374938, 0.3698532757818501, 0.15897529643566913, 0.08861487428335964, 0.046941982397122606, 0.04682372956450722], ""p10"": [0.023800317088092732, 0.055907568214068955, 0.0016001754132536701, 1.5969603367333688e-05, 1.49663838642409e-09, 1.38104056526332e-09], ""p50"": [0.2317611188258482, 0.3329170157561156, 0.0772652947364489, 0.01723722465415548, 0.0009449513899305899, 0.0010182011716951527], ""p90"": [0.6495891051703427, 0.7494360237392774, 0.451706147880054, 0.288038721586849, 0.15806749380266766, 0.15867464155627173], ""posterior_alpha"": [0.75, 0.9600000000000001, 0.42000000000000004, 0.23000000000000004, 0.12, 0.12]}",MCQ ensemble (2/3 models OK)
20250902-111004,2025-09-02 11:16:33 +0300,discrete,ensemble+gtmc1+bmc,https://www.metaculus.com/questions/38880/,38880,How many major US labor strikes with generative AI as one of their main reasons will start in 2029?,,,-0.005672,2.399811,5.167833,0,{},"{""mean"": 2.505883026020298, ""p10"": -0.0056721046212488925, ""p50"": 2.3998111838067198, ""p90"": 5.167833221198998}",Numeric ensemble (2/3 models OK)
20250902-112556,2025-09-02 11:25:58 +0300,binary,ensemble+gtmc1+bmc,https://www.metaculus.com/questions/578/,578,Will humans go extinct before 2100?,0.037951,,,,,0,{},"{""mean"": 0.12724479644844724, ""p10"": 0.00012267484974331098, ""p50"": 0.03795116137383543, ""p90"": 0.40365153582546903, ""posterior_alpha"": 0.28, ""posterior_beta"": 1.92}",Binary ensemble (2/3 models OK)
20250902-112556,2025-09-02 11:27:05 +0300,numeric,ensemble+gtmc1+bmc,https://www.metaculus.com/questions/14333/,14333,How old will the oldest living person be in 2100?,,,118.452697,124.491977,130.608609,0,{},"{""mean"": 124.52364759327261, ""p10"": 118.45269700025094, ""p50"": 124.49197659772578, ""p90"": 130.6086092828548}",Numeric ensemble (1/3 models OK)
20250902-112556,2025-09-02 11:30:06 +0300,multiple_choice,ensemble+gtmc1+bmc,https://www.metaculus.com/questions/22427/,22427,"Before 2030, how many new AI labs will be leading labs within 2 years of their founding?",,"{""0 or 1"": 0.20523402129780116, ""2 or 3"": 0.13336847526839654, ""4 or 5"": 0.09175850929080238, ""6 or 7"": 0.07705656442979904, ""8 or 9"": 0.07486484955448032, ""10 or more"": 0.4177175801587206}",,,,0,{},"{""mean"": [0.20523402129780102, 0.13336847526839646, 0.09175850929080233, 0.07705656442979898, 0.07486484955448026, 0.41771758015872035], ""p10"": [0.0006471188375130347, 1.2080334823033487e-05, 8.507349621356638e-08, 5.0946668545448454e-09, 2.0511251877933832e-09, 0.03357256824653252], ""p50"": [0.09020743368699938, 0.02487824669715151, 0.00520316974716832, 0.0019883974662707553, 0.001730306531484661, 0.3782737872157435], ""p90"": [0.6180124970131726, 0.45877351026931007, 0.3258231354254004, 0.27999630824917576, 0.2724397847902361, 0.8739799778015375], ""posterior_alpha"": [0.3285714285714286, 0.2142857142857143, 0.1457142857142857, 0.12285714285714286, 0.11714285714285715, 0.6714285714285714]}",MCQ ensemble (1/3 models OK)
20250902-112556,2025-09-02 11:31:13 +0300,discrete,ensemble+gtmc1+bmc,https://www.metaculus.com/questions/38880/,38880,How many major US labor strikes with generative AI as one of their main reasons will start in 2029?,,,0.484232,2.497326,4.536203,0,{},"{""mean"": 2.507882531090868, ""p10"": 0.48423233341697736, ""p50"": 2.4973255325752604, ""p90"": 4.5362030942849225}",Numeric ensemble (1/3 models OK)
20250902-114303,2025-09-02 11:43:05 +0300,binary,ensemble+gtmc1+bmc,https://www.metaculus.com/questions/578/,578,Will humans go extinct before 2100?,0.076030,,,,,0,{},"{""mean"": 0.14413876219744842, ""p10"": 0.0020932305513465753, ""p50"": 0.07603004761166184, ""p90"": 0.39452467866634133, ""posterior_alpha"": 0.46, ""posterior_beta"": 2.74}",Binary ensemble (3/3 models OK)
20250902-114303,2025-09-02 11:44:07 +0300,numeric,ensemble+gtmc1+bmc,https://www.metaculus.com/questions/14333/,14333,How old will the oldest living person be in 2100?,,,114.008745,119.063192,123.991843,0,{},"{""mean"": 119.0157361898839, ""p10"": 114.00874516023855, ""p50"": 119.0631923032868, ""p90"": 123.99184277484778}",Numeric ensemble (2/3 models OK)
20250902-114303,2025-09-02 11:47:09 +0300,multiple_choice,ensemble+gtmc1+bmc,https://www.metaculus.com/questions/22427/,22427,"Before 2030, how many new AI labs will be leading labs within 2 years of their founding?",,"{""0 or 1"": 0.23751954246594556, ""2 or 3"": 0.3570707383358719, ""4 or 5"": 0.21139662354130018, ""6 or 7"": 0.09383568900994076, ""8 or 9"": 0.05442070394381677, ""10 or more"": 0.045756702703124666}",,,,0,{},"{""mean"": [0.23751954246594578, 0.3570707383358722, 0.21139662354130037, 0.09383568900994084, 0.05442070394381682, 0.04575670270312471], ""p10"": [0.011414290503630508, 0.049520108721468774, 0.00683794937261261, 3.401766631438901e-05, 1.9885705174573724e-08, 1.2730909135096983e-09], ""p50"": [0.16870714098233616, 0.3182595950257764, 0.13616725637693722, 0.02094599497800957, 0.002249677782301764, 0.0008582395037784189], ""p90"": [0.5771418645085773, 0.7367183731378095, 0.5429039410158403, 0.2981058162310979, 0.18487910215651226, 0.15098217525061552], ""posterior_alpha"": [0.62, 0.9199999999999999, 0.55, 0.25, 0.14, 0.12]}",MCQ ensemble (2/3 models OK)
20250902-114303,2025-09-02 11:48:53 +0300,discrete,ensemble+gtmc1+bmc,https://www.metaculus.com/questions/38880/,38880,How many major US labor strikes with generative AI as one of their main reasons will start in 2029?,,,0.639503,3.043547,5.800473,0,{},"{""mean"": 3.1408228067774413, ""p10"": 0.6395030553154373, ""p50"": 3.0435470476637994, ""p90"": 5.800472990495142}",Numeric ensemble (2/3 models OK)
20250902-122810,2025-09-02 12:28:12 +0300,binary,ensemble+gtmc1+bmc,https://www.metaculus.com/questions/578/,578,Will humans go extinct before 2100?,0.072808,,,,,0,{},"{""mean"": 0.14071115506333562, ""p10"": 0.001868267516960801, ""p50"": 0.07280835178278802, ""p90"": 0.38864845836400524, ""posterior_alpha"": 0.45000000000000007, ""posterior_beta"": 2.75}",Binary ensemble (3/3 models OK)
20250902-122810,2025-09-02 12:29:33 +0300,numeric,ensemble+gtmc1+bmc,https://www.metaculus.com/questions/14333/,14333,How old will the oldest living person be in 2100?,,,112.508638,118.991015,125.649653,0,{},"{""mean"": 119.03158786895918, ""p10"": 112.50863811583827, ""p50"": 118.99101498537726, ""p90"": 125.64965316126126}",Numeric ensemble (2/3 models OK)
20250902-122810,2025-09-02 12:32:34 +0300,multiple_choice,ensemble+gtmc1+bmc,https://www.metaculus.com/questions/22427/,22427,"Before 2030, how many new AI labs will be leading labs within 2 years of their founding?",,"{""0 or 1"": 0.31122160785859687, ""2 or 3"": 0.3690266610754204, ""4 or 5"": 0.15906051358720044, ""6 or 7"": 0.0677291431449548, ""8 or 9"": 0.04902553822721715, ""10 or more"": 0.04393653610661029}",,,,0,{},"{""mean"": [0.3112216078585972, 0.3690266610754208, 0.1590605135872006, 0.06772914314495487, 0.049025538227217204, 0.04393653610661034], ""p10"": [0.030789914791876302, 0.057164978159525724, 0.0015695683594548024, 8.923016607002133e-07, 3.2016400339543395e-09, 5.680962195475968e-10], ""p50"": [0.2594224168095419, 0.3317249185428658, 0.07803778724699997, 0.006544242188702788, 0.0011872715600254632, 0.0007253878351882691], ""p90"": [0.6781564793541679, 0.7468409360528858, 0.45089743455241793, 0.22471335962338165, 0.1646786713520521, 0.14352327585226746], ""posterior_alpha"": [0.7999999999999999, 0.96, 0.42000000000000004, 0.18, 0.125, 0.115]}",MCQ ensemble (2/3 models OK)
20250902-122810,2025-09-02 12:34:03 +0300,discrete,ensemble+gtmc1+bmc,https://www.metaculus.com/questions/38880/,38880,How many major US labor strikes with generative AI as one of their main reasons will start in 2029?,,,0.791527,3.880930,7.480677,0,{},"{""mean"": 4.021763577393445, ""p10"": 0.7915268925252116, ""p50"": 3.880929980179449, ""p90"": 7.480677415044567}",Numeric ensemble (2/3 models OK)
20250902-153434,2025-09-02 15:34:36 +0300,binary,ensemble+gtmc1+bmc,https://www.metaculus.com/questions/578/,578,Will humans go extinct before 2100?,0.138615,,,,,0,{},"{""mean"": 0.200264208938037, ""p10"": 0.010022319761714958, ""p50"": 0.13861524434882222, ""p90"": 0.4932256402364708, ""posterior_alpha"": 0.64, ""posterior_beta"": 2.56}",Binary ensemble (3/3 models OK)
20250902-174606,2025-09-02 17:46:08 +0300,binary,ensemble+gtmc1+bmc,https://www.metaculus.com/questions/578/,578,Will humans go extinct before 2100?,0.117183,,,,,0,{},"{""mean"": 0.18125314769280707, ""p10"": 0.0064664516947157405, ""p50"": 0.117182827579366, ""p90"": 0.46100904167215345, ""posterior_alpha"": 0.5800000000000001, ""posterior_beta"": 2.62}",Binary ensemble (3/3 models OK)
20250902-181611,2025-09-02 18:16:12 +0300,binary,ensemble+gtmc1+bmc,https://www.metaculus.com/questions/578/,578,Will humans go extinct before 2100?,0.132363,,,,,0,{},"{""mean"": 0.18281021132487418, ""p10"": 0.01416445756589158, ""p50"": 0.13236322482232674, ""p90"": 0.4316176353958798, ""posterior_alpha"": 0.77, ""posterior_beta"": 3.43}",Binary ensemble (4/4 models OK)
20250902-182854,2025-09-02 18:28:56 +0300,binary,ensemble+gtmc1+bmc,https://www.metaculus.com/questions/578/,578,Will humans go extinct before 2100?,0.112646,,,,,0,{},"{""mean"": 0.16506756330517006, ""p10"": 0.009578154252223865, ""p50"": 0.11264611610014871, ""p90"": 0.40381473288483605, ""posterior_alpha"": 0.69, ""posterior_beta"": 3.51}",Binary ensemble (4/4 models OK)
20250903-151511,2025-09-03 15:15:12 +0300,binary,ensemble+gtmc1+bmc,https://www.metaculus.com/questions/578/,578,Will humans go extinct before 2100?,0.057237,,,,,0,{},"{""mean"": 0.11253713493264465, ""p10"": 0.0016771256239455558, ""p50"": 0.05723699783326566, ""p90"": 0.30723837817656063, ""posterior_alpha"": 0.47000000000000003, ""posterior_beta"": 3.73}",Binary ensemble (4/4 models OK)
20250903-153858,2025-09-03 15:39:00 +0300,binary,ensemble+gtmc1+bmc,https://www.metaculus.com/questions/578/,578,Will humans go extinct before 2100?,0.165389,,,,,0,{},"{""mean"": 0.21195655546885972, ""p10"": 0.02288346640949725, ""p50"": 0.16538915532990697, ""p90"": 0.4742231961196051, ""posterior_alpha"": 0.8800000000000001, ""posterior_beta"": 3.3200000000000003}",Binary ensemble (4/4 models OK)
20250903-155833,2025-09-03 15:58:34 +0300,binary,ensemble+gtmc1+bmc,https://www.metaculus.com/questions/578/,578,Will humans go extinct before 2100?,0.035908,,,,,0,{},"{""mean"": 0.10281356477394707, ""p10"": 0.00024852011536403474, ""p50"": 0.03590761842103922, ""p90"": 0.30845720867675547, ""posterior_alpha"": 0.33, ""posterior_beta"": 2.87}",Binary ensemble (3/4 models OK)
20250903-164330,2025-09-03 16:43:31 +0300,binary,ensemble+gtmc1+bmc,https://www.metaculus.com/questions/578/,578,Will humans go extinct before 2100?,0.033406,,,,,0,{},"{""mean"": 0.10020917143580493, ""p10"": 0.00019543055987124273, ""p50"": 0.03340613928094589, ""p90"": 0.3024082236769771, ""posterior_alpha"": 0.32, ""posterior_beta"": 2.88}",Binary ensemble (3/4 models OK)
20250903-181454,2025-09-03 18:14:56 +0300,binary,ensemble+gtmc1+bmc,https://www.metaculus.com/questions/578/,578,Will humans go extinct before 2100?,0.188275,,,,,0,{},"{""mean"": 0.24290656437335362, ""p10"": 0.021596301522426014, ""p50"": 0.18827543849963096, ""p90"": 0.5573091686771732, ""posterior_alpha"": 0.78, ""posterior_beta"": 2.42}",Binary ensemble (3/4 models OK)
20250903-183750,2025-09-03 18:37:51 +0300,binary,ensemble+gtmc1+bmc,https://www.metaculus.com/questions/578/,578,Will humans go extinct before 2100?,0.051812,,,,,0,{},"{""mean"": 0.1200571512025122, ""p10"": 0.0007174197263684472, ""p50"": 0.051812184234804104, ""p90"": 0.34704431800598157, ""posterior_alpha"": 0.385, ""posterior_beta"": 2.815}",Binary ensemble (3/4 models OK)
20250904-172345,2025-09-04 17:23:46 +0300,binary,ensemble+gtmc1+bmc,https://www.metaculus.com/questions/578/,578,Will humans go extinct before 2100?,0.009653,,,,,0,{},"{""mean"": 0.06672593550288161, ""p10"": 4.885740510414407e-06, ""p50"": 0.009652719032176557, ""p90"": 0.2163268309576519, ""posterior_alpha"": 0.21000000000000002, ""posterior_beta"": 2.9899999999999998}",Binary ensemble (3/4 models OK)
20250905-103459,2025-09-05 10:35:01 +0300,binary,ensemble+gtmc1+bmc,https://www.metaculus.com/questions/578/,578,Will humans go extinct before 2100?,0.041352,,,,,0,{},"{""mean"": 0.10934505810634551, ""p10"": 0.00037851679292420835, ""p50"": 0.0413523008040326, ""p90"": 0.3252073442344656, ""posterior_alpha"": 0.35000000000000003, ""posterior_beta"": 2.85}",Binary ensemble (3/4 models OK)
20250905-103906,2025-09-05 10:39:07 +0300,binary,ensemble+gtmc1+bmc,https://www.metaculus.com/questions/578/,578,Will humans go extinct before 2100?,0.006614,,,,,0,{},"{""mean"": 0.05971136602326882, ""p10"": 1.383220857758934e-06, ""p50"": 0.006614149843666503, ""p90"": 0.19583641590293357, ""posterior_alpha"": 0.19, ""posterior_beta"": 3.0100000000000002}",Binary ensemble (3/4 models OK)
20250905-110220,2025-09-05 11:02:21 +0300,binary,ensemble+gtmc1+bmc,https://www.metaculus.com/questions/578/,578,Will humans go extinct before 2100?,0.004917,,,,,0,{},"{""mean"": 0.045621262674620994, ""p10"": 1.0140508337327492e-06, ""p50"": 0.004917117281139713, ""p90"": 0.14727023861155122, ""posterior_alpha"": 0.19, ""posterior_beta"": 4.01}",Binary ensemble (4/4 models OK)
20250905-132503,2025-09-05 13:25:04 +0300,binary,ensemble+gtmc1+bmc,https://www.metaculus.com/questions/578/,578,Will humans go extinct before 2100?,0.032061,,,,,0,{},"{""mean"": 0.08563823397998041, ""p10"": 0.00032688694041575116, ""p50"": 0.032060598156232314, ""p90"": 0.251289521370536, ""posterior_alpha"": 0.36, ""posterior_beta"": 3.84}",Binary ensemble (4/4 models OK)
20250905-134739,2025-09-05 13:47:40 +0300,binary,ensemble+gtmc1+bmc,https://www.metaculus.com/questions/578/,578,Will humans go extinct before 2100?,0.007117,,,,,0,{},"{""mean"": 0.05089849497097081, ""p10"": 3.4929213152614198e-06, ""p50"": 0.007117321682581935, ""p90"": 0.16220185045222948, ""posterior_alpha"": 0.21, ""posterior_beta"": 3.99}",Binary ensemble (4/4 models OK)
20250905-162102,2025-09-05 16:21:03 +0300,binary,ensemble+gtmc1+bmc,https://www.metaculus.com/questions/578/,578,Will humans go extinct before 2100?,0.008228,,,,,0,{},"{""mean"": 0.06321352889690374, ""p10"": 2.685443708072594e-06, ""p50"": 0.008228408847216345, ""p90"": 0.2066275853078073, ""posterior_alpha"": 0.2, ""posterior_beta"": 3.0}",Binary ensemble (3/4 models OK)
20250905-190714,2025-09-05 19:07:15 +0300,binary,ensemble+gtmc1+bmc,https://www.metaculus.com/questions/578/,578,Will humans go extinct before 2100?,0.013616,,,,,0,{},"{""mean"": 0.06156620952612545, ""p10"": 2.9799669986542574e-05, ""p50"": 0.013616337130120393, ""p90"": 0.19237924034789713, ""posterior_alpha"": 0.26, ""posterior_beta"": 3.9399999999999995}",Binary ensemble (4/4 models OK)
20250906-121523,2025-09-06 12:15:24 +0300,binary,ensemble+gtmc1+bmc,https://www.metaculus.com/questions/578/,578,Will humans go extinct before 2100?,0.017072,,,,,0,{},"{""mean"": 0.06661741739111549, ""p10"": 5.699003195077382e-05, ""p50"": 0.017072279398547396, ""p90"": 0.2072223723135569, ""posterior_alpha"": 0.28, ""posterior_beta"": 3.92}",Binary ensemble (4/4 models OK)
20250908-124959,2025-09-08 12:50:01 +0300,binary,ensemble+gtmc1+bmc,tournament,fall-aib-2025,https://www.metaculus.com/questions/39722/,39101,Which states will Pope Leo XIV visit in 2025? (Israel),0.063811,,,,,0,{},"{""mean"": 0.11886912758617446, ""p10"": 0.0022668732992346323, ""p50"": 0.06381143019265233, ""p90"": 0.3193443413080478, ""posterior_alpha"": 0.49999999999999994, ""posterior_beta"": 3.7}",Binary ensemble (4/4 models OK)
20250908-124959,2025-09-08 12:51:33 +0300,binary,ensemble+gtmc1+bmc,tournament,fall-aib-2025,https://www.metaculus.com/questions/39721/,39100,Which states will Pope Leo XIV visit in 2025? (United States),0.015386,,,,,0,{},"{""mean"": 0.06402423789995601, ""p10"": 4.192244107680649e-05, ""p50"": 0.015385931494258771, ""p90"": 0.19921991426066052, ""posterior_alpha"": 0.27, ""posterior_beta"": 3.9299999999999997}",Binary ensemble (4/4 models OK)
20250908-124959,2025-09-08 12:53:08 +0300,binary,ensemble+gtmc1+bmc,tournament,fall-aib-2025,https://www.metaculus.com/questions/39723/,39102,Which states will Pope Leo XIV visit in 2025? (Turkiye),0.870412,,,,,0,{},"{""mean"": 0.8197511779665608, ""p10"": 0.574464280080867, ""p50"": 0.8704120159893387, ""p90"": 0.986326925014646, ""posterior_alpha"": 3.44, ""posterior_beta"": 0.7599999999999999}",Binary ensemble (4/4 models OK)
20250908-132546,2025-09-08 13:25:47 +0300,binary,ensemble+gtmc1+bmc,tournament,fall-aib-2025,https://www.metaculus.com/questions/39722/,39101,Which states will Pope Leo XIV visit in 2025? (Israel),0.074532,,,,,0,{},"{""mean"": 0.12869440986006148, ""p10"": 0.003285728012671716, ""p50"": 0.07453153378556336, ""p90"": 0.33841407251464006, ""posterior_alpha"": 0.54, ""posterior_beta"": 3.66}",Binary ensemble (4/4 models OK)
20250908-132546,2025-09-08 13:27:35 +0300,binary,ensemble+gtmc1+bmc,tournament,fall-aib-2025,https://www.metaculus.com/questions/39721/,39100,Which states will Pope Leo XIV visit in 2025? (United States),0.017072,,,,,0,{},"{""mean"": 0.06661741739111549, ""p10"": 5.699003195077382e-05, ""p50"": 0.017072279398547396, ""p90"": 0.2072223723135569, ""posterior_alpha"": 0.28, ""posterior_beta"": 3.92}",Binary ensemble (4/4 models OK)
20250908-132546,2025-09-08 13:28:46 +0300,binary,ensemble+gtmc1+bmc,tournament,fall-aib-2025,https://www.metaculus.com/questions/39723/,39102,Which states will Pope Leo XIV visit in 2025? (Turkiye),0.829563,,,,,0,{},"{""mean"": 0.7836851365493519, ""p10"": 0.5215858989215345, ""p50"": 0.8295629660374113, ""p90"": 0.975477357370324, ""posterior_alpha"": 3.3, ""posterior_beta"": 0.8999999999999999}",Binary ensemble (4/4 models OK)
20250908-135032,2025-09-08 13:50:33 +0300,binary,ensemble+gtmc1+bmc,tournament,fall-aib-2025,https://www.metaculus.com/questions/39722/,39101,Which states will Pope Leo XIV visit in 2025? (Israel),0.192588,,,,,0,{},"{""mean"": 0.23624100954950322, ""p10"": 0.032762636237084405, ""p50"": 0.19258837878144291, ""p90"": 0.512984467783593, ""posterior_alpha"": 1.0, ""posterior_beta"": 3.2}",Binary ensemble (4/4 models OK)
20250908-135032,2025-09-08 13:52:06 +0300,binary,ensemble+gtmc1+bmc,tournament,fall-aib-2025,https://www.metaculus.com/questions/39721/,39100,Which states will Pope Leo XIV visit in 2025? (United States),0.020405,,,,,0,{},"{""mean"": 0.07118294297316077, ""p10"": 8.955751205202152e-05, ""p50"": 0.020404687014414696, ""p90"": 0.2177940754873501, ""posterior_alpha"": 0.30000000000000004, ""posterior_beta"": 3.8999999999999995}",Binary ensemble (4/4 models OK)
20250908-135032,2025-09-08 13:53:19 +0300,binary,ensemble+gtmc1+bmc,tournament,fall-aib-2025,https://www.metaculus.com/questions/39723/,39102,Which states will Pope Leo XIV visit in 2025? (Turkiye),0.696951,,,,,0,{},"{""mean"": 0.6682323964812267, ""p10"": 0.36964512304292946, ""p50"": 0.6969514470271336, ""p90"": 0.9208945354892308, ""posterior_alpha"": 2.81, ""posterior_beta"": 1.3900000000000001}",Binary ensemble (4/4 models OK)
20250908-155115,2025-09-08 15:51:17 +0300,multiple_choice,ensemble+gtmc1+bmc,tournament,fall-aib-2025,https://www.metaculus.com/questions/39767/,39175,What will be the result of the game between IM Levy Rozman Vs The World?,,"{""Rozman victory"": 0.1713331201114426, ""Rozman loss"": 0.3328007891733016, ""Draw"": 0.4958660907152558}",,,,0,{},"{""mean"": [0.1713331201114425, 0.33280078917330136, 0.49586609071525545], ""p10"": [0.011658131125491154, 0.08372079978780689, 0.20094654291268202], ""p50"": [0.12126275989871907, 0.30474952162977964, 0.49696006636750123], ""p90"": [0.41031397612266707, 0.6278782730543254, 0.7900904099176084], ""posterior_alpha"": [0.7311111111111113, 1.4333333333333333, 2.1355555555555554]}",MCQ ensemble (4/4 models OK)
20250908-163405,2025-09-08 16:34:08 +0300,multiple_choice,ensemble+gtmc1+bmc,tournament,fall-aib-2025,https://www.metaculus.com/questions/39767/,39175,What will be the result of the game between IM Levy Rozman Vs The World?,,"{""Rozman victory"": 0.25015897246320945, ""Rozman loss"": 0.3047468538239767, ""Draw"": 0.44509417371281396}",,,,0,{},"{""mean"": [0.250158972463209, 0.30474685382397615, 0.4450941737128132], ""p10"": [0.03738567893808803, 0.06536583416661758, 0.16021608841974075], ""p50"": [0.20947838923961715, 0.2717917907982239, 0.4355430303767273], ""p90"": [0.5268694624403008, 0.5977548258031914, 0.7450390064048695], ""posterior_alpha"": [1.08, 1.3099999999999998, 1.91]}",MCQ ensemble (4/4 models OK)
20250908-184749,2025-09-08 18:47:50 +0300,numeric,ensemble+gtmc1+bmc,tournament,fall-aib-2025,https://www.metaculus.com/questions/39465/,38842,What will the 2025 reconciliation bill set as the percent deduction allowed for qualified business income (QBI) in tax year 2026?,,,20.420701,22.335560,24.452790,0,{},"{""mean"": 22.38885217400472, ""p10"": 20.420701002609736, ""p50"": 22.33556047035105, ""p90"": 24.452790425078703}",Numeric ensemble (2/4 models OK)
20250908-192840,2025-09-08 19:28:42 +0300,numeric,ensemble+gtmc1+bmc,tournament,fall-aib-2025,https://www.metaculus.com/questions/39465/,38842,What will the 2025 reconciliation bill set as the percent deduction allowed for qualified business income (QBI) in tax year 2026?,,,16.011035,21.717831,26.407981,0,{},"{""mean"": 21.45674874206504, ""p10"": 16.011035453201686, ""p50"": 21.717830587726738, ""p90"": 26.40798068228531}",Numeric ensemble (3/4 models OK)
20250908-195306,2025-09-08 19:53:08 +0300,numeric,ensemble+gtmc1+bmc,tournament,fall-aib-2025,https://www.metaculus.com/questions/39465/,38842,What will the 2025 reconciliation bill set as the percent deduction allowed for qualified business income (QBI) in tax year 2026?,,,12.347213,21.558745,24.750743,0,{},"{""mean"": 20.123152594534982, ""p10"": 12.347213262281116, ""p50"": 21.558744809321382, ""p90"": 24.7507425008622}",Numeric ensemble (4/4 models OK)
20250908-215154,2025-09-08 21:51:55 +0300,binary,ensemble+gtmc1+bmc,tournament,fall-aib-2025,https://www.metaculus.com/questions/39525/,38902,Will the number of new F-1 visas issued by the US to students from China or India decrease by >10% in FY 2025? (China),0.816594,,,,,0,{},"{""mean"": 0.7721842031680091, ""p10"": 0.501403457175479, ""p50"": 0.8165940880689968, ""p90"": 0.9713862541421207, ""posterior_alpha"": 3.25, ""posterior_beta"": 0.9499999999999998}",Binary ensemble (4/4 models OK)
20250908-221906,2025-09-08 22:19:08 +0300,binary,ensemble+gtmc1+bmc,tournament,fall-aib-2025,https://www.metaculus.com/questions/39525/,38902,Will the number of new F-1 visas issued by the US to students from China or India decrease by >10% in FY 2025? (China),0.797862,,,,,0,{},"{""mean"": 0.7541717045172027, ""p10"": 0.4760800476202292, ""p50"": 0.7978623204271897, ""p90"": 0.9655215936859605, ""posterior_alpha"": 3.1799999999999997, ""posterior_beta"": 1.02}",Binary ensemble (4/4 models OK)
20250908-224824,2025-09-08 22:48:26 +0300,binary,ensemble+gtmc1+bmc,tournament,fall-aib-2025,https://www.metaculus.com/questions/39560/,38937,Will the highest-grossing film of 2025 be part of a franchise?,0.771132,,,,,0,{},"{""mean"": 0.7318272919704532, ""p10"": 0.44803767475475886, ""p50"": 0.7711322563232839, ""p90"": 0.9555910953981507, ""posterior_alpha"": 3.0799999999999996, ""posterior_beta"": 1.12}",Binary ensemble (4/4 models OK)
20250908-232626,2025-09-08 23:26:27 +0300,binary,ensemble+gtmc1+bmc,tournament,fall-aib-2025,https://www.metaculus.com/questions/39560/,38937,Will the highest-grossing film of 2025 be part of a franchise?,0.818749,,,,,0,{},"{""mean"": 0.7746803787467904, ""p10"": 0.5070308591172029, ""p50"": 0.8187485809797024, ""p90"": 0.9724739557842351, ""posterior_alpha"": 3.26, ""posterior_beta"": 0.9400000000000001}",Binary ensemble (4/4 models OK)
20250908-234840,2025-09-08 23:48:42 +0300,binary,ensemble+gtmc1+bmc,tournament,fall-aib-2025,https://www.metaculus.com/questions/39560/,38937,Will the highest-grossing film of 2025 be part of a franchise?,0.737597,,,,,0,{},"{""mean"": 0.7036402677344914, ""p10"": 0.41235829750774794, ""p50"": 0.7375974582939463, ""p90"": 0.9416848976759454, ""posterior_alpha"": 2.9600000000000004, ""posterior_beta"": 1.2399999999999998}",Binary ensemble (4/4 models OK)
20250909-102249,2025-09-09 10:22:51 +0300,binary,ensemble+gtmc1+bmc,tournament,fall-aib-2025,https://www.metaculus.com/questions/39421/,38798,Will the number of UFO sightings reported by the National UFO Reporting Center exceed 350 for September 2025?,0.568825,,,,,0,{},"{""mean"": 0.5571074363444414, ""p10"": 0.25031787754349305, ""p50"": 0.5688249216898309, ""p90"": 0.8437661241262756, ""posterior_alpha"": 2.34, ""posterior_beta"": 1.8599999999999999}",Binary ensemble (4/4 models OK)
20250909-104758,2025-09-09 10:48:00 +0300,binary,ensemble+gtmc1+bmc,tournament,fall-aib-2025,https://www.metaculus.com/questions/39421/,38798,Will the number of UFO sightings reported by the National UFO Reporting Center exceed 350 for September 2025?,0.659115,,,,,0,{},"{""mean"": 0.6347381238921762, ""p10"": 0.3301391072894986, ""p50"": 0.6591147019096633, ""p90"": 0.899005113671351, ""posterior_alpha"": 2.67, ""posterior_beta"": 1.5300000000000002}",Binary ensemble (4/4 models OK)
20250909-113209,2025-09-09 11:32:10 +0300,numeric,ensemble+gtmc1+bmc,tournament,fall-aib-2025,https://www.metaculus.com/questions/39393/,38770,What percent of all US foreign development assistance for FY 2025 will be disbursed relative to funds allocated at the beginning of the fiscal year?,,,71.237217,103.180992,126.363387,0,{},"{""mean"": 100.98432701720571, ""p10"": 71.23721723233797, ""p50"": 103.18099224603964, ""p90"": 126.36338703624894}",Numeric ensemble (3/4 models OK)
20250909-115422,2025-09-09 11:54:24 +0300,numeric,ensemble+gtmc1+bmc,tournament,fall-aib-2025,https://www.metaculus.com/questions/39393/,38770,What percent of all US foreign development assistance for FY 2025 will be disbursed relative to funds allocated at the beginning of the fiscal year?,,,67.175876,98.795132,128.678413,0,{},"{""mean"": 98.59037358747862, ""p10"": 67.17587613030729, ""p50"": 98.79513170282016, ""p90"": 128.6784130322857}",Numeric ensemble (4/4 models OK)
20250909-144828__fall-aib-2025,2025-09-09 14:49:58 +0300,binary,core-ensemble,fall-aib-2025,core,https://www.metaculus.com/questions/38797/,38797,Will the Defense Production Act be re-authorized before October 2025?,0.898919,,,,,0,,"{""method"": ""weighted_mean(core)"", ""n_ok"": 4, ""members"": [{""name"": ""OpenRouter-Default [openai/gpt-4o]"", ""ok"": true, ""parsed"": 0.94}, {""name"": ""Claude-3.7-Sonnet (OR) [anthropic/claude-3.7-sonnet]"", ""ok"": true, ""parsed"": 0.85}, {""name"": ""Gemini [gemini-2.5-pro]"", ""ok"": true, ""parsed"": 0.88}, {""name"": ""Grok [grok-4]"", ""ok"": true, ""parsed"": 0.93}], ""p_core"": 0.8989189189189188}",core weighted mean of ensemble
20250909-155139__fall-aib-2025,2025-09-09 15:53:13 +0300,binary,core-ensemble,fall-aib-2025,core,https://www.metaculus.com/questions/38797/,38797,Will the Defense Production Act be re-authorized before October 2025?,0.882703,,,,,0,,"{""method"": ""weighted_mean(core)"", ""n_ok"": 4, ""members"": [{""name"": ""OpenRouter-Default [openai/gpt-4o]"", ""ok"": true, ""parsed"": 0.92}, {""name"": ""Claude-3.7-Sonnet (OR) [anthropic/claude-3.7-sonnet]"", ""ok"": true, ""parsed"": 0.85}, {""name"": ""Gemini [gemini-2.5-pro]"", ""ok"": true, ""parsed"": 0.88}, {""name"": ""Grok [grok-4]"", ""ok"": true, ""parsed"": 0.88}], ""p_core"": 0.8827027027027028}",core weighted mean of ensemble
20250910-023344__fall-aib-2025,2025-09-10 02:35:12 +0300,numeric,core-ensemble,fall-aib-2025,core,https://www.metaculus.com/questions/39173/,39173,How many vehicle deliveries will Rivian report for Q3 2025?,,,2673.333333,3974.833333,8007.250000,0,,"{""method"": ""percentile-wise median (trimmed)"", ""n_members"": 4, ""available_counts"": {""P10"": 4, ""P20"": 4, ""P40"": 4, ""P50"": 0, ""P60"": 4, ""P80"": 4, ""P90"": 4}, ""p10"": 2673.3333333333335, ""p50"": 3974.833333333333, ""p90"": 8007.25}",percentile-wise median (trimmed)
20250910-024816__fall-aib-2025,2025-09-10 02:49:43 +0300,numeric,core-ensemble,fall-aib-2025,core,https://www.metaculus.com/questions/39173/,39173,How many vehicle deliveries will Rivian report for Q3 2025?,,,3173.333333,4341.666667,5543.666667,0,,"{""method"": ""percentile-wise median (trimmed)"", ""n_members"": 4, ""available_counts"": {""P10"": 4, ""P20"": 4, ""P40"": 4, ""P50"": 0, ""P60"": 4, ""P80"": 4, ""P90"": 4}, ""p10"": 3173.3333333333335, ""p50"": 4341.666666666667, ""p90"": 5543.666666666667}",percentile-wise median (trimmed)
20250910-055837__fall-aib-2025,2025-09-10 06:00:15 +0300,numeric,core-ensemble,fall-aib-2025,core,https://www.metaculus.com/questions/38743/,38743,"How much money in billions of USD will NIH award in Research Project Grants in the 2025 Fiscal Year 2025 (Oct 1, 2024 - Sep 30, 2025)?",,,23.100000,25.000000,26.300000,0,,"{""method"": ""percentile-wise median (trimmed)"", ""n_members"": 4, ""available_counts"": {""P10"": 4, ""P20"": 4, ""P40"": 4, ""P50"": 0, ""P60"": 4, ""P80"": 4, ""P90"": 4}, ""p10"": 23.099999999999998, ""p50"": 25.0, ""p90"": 26.3}",percentile-wise median (trimmed)
20250910-063313__fall-aib-2025,2025-09-10 06:34:55 +0300,numeric,core-ensemble,fall-aib-2025,core,https://www.metaculus.com/questions/38743/,38743,"How much money in billions of USD will NIH award in Research Project Grants in the 2025 Fiscal Year 2025 (Oct 1, 2024 - Sep 30, 2025)?",,,22.766667,24.850000,26.433333,0,,"{""method"": ""percentile-wise median (trimmed)"", ""n_members"": 4, ""available_counts"": {""P10"": 4, ""P20"": 4, ""P40"": 4, ""P50"": 0, ""P60"": 4, ""P80"": 4, ""P90"": 4}, ""p10"": 22.766666666666666, ""p50"": 24.85, ""p90"": 26.433333333333334}",percentile-wise median (trimmed)
20250910-065046__fall-aib-2025,2025-09-10 06:52:17 +0300,numeric,core-ensemble,fall-aib-2025,core,https://www.metaculus.com/questions/38743/,38743,"How much money in billions of USD will NIH award in Research Project Grants in the 2025 Fiscal Year 2025 (Oct 1, 2024 - Sep 30, 2025)?",,,22.166667,24.350000,26.100000,0,,"{""method"": ""percentile-wise median (trimmed)"", ""n_members"": 4, ""available_counts"": {""P10"": 4, ""P20"": 4, ""P40"": 4, ""P50"": 0, ""P60"": 4, ""P80"": 4, ""P90"": 4}, ""p10"": 22.166666666666668, ""p50"": 24.35, ""p90"": 26.099999999999998}",percentile-wise median (trimmed)
20250910-084831__fall-aib-2025,2025-09-10 08:50:08 +0300,binary,core-ensemble,fall-aib-2025,core,https://www.metaculus.com/questions/38959/,38959,Will the US unemployment rate in November 2025 be below the rate in November 2024?,0.316486,,,,,0,,"{""method"": ""weighted_mean(core)"", ""n_ok"": 4, ""members"": [{""name"": ""OpenRouter-Default [openai/gpt-4o]"", ""ok"": true, ""parsed"": 0.35}, {""name"": ""Claude-3.7-Sonnet (OR) [anthropic/claude-3.7-sonnet]"", ""ok"": true, ""parsed"": 0.3}, {""name"": ""Gemini [gemini-2.5-pro]"", ""ok"": true, ""parsed"": 0.25}, {""name"": ""Grok [grok-4]"", ""ok"": true, ""parsed"": 0.37}], ""p_core"": 0.3164864864864864}",core weighted mean of ensemble
20250910-093428__fall-aib-2025,2025-09-10 09:35:54 +0300,binary,core-ensemble,fall-aib-2025,core,https://www.metaculus.com/questions/38959/,38959,Will the US unemployment rate in November 2025 be below the rate in November 2024?,0.384324,,,,,0,,"{""method"": ""weighted_mean(core)"", ""n_ok"": 4, ""members"": [{""name"": ""OpenRouter-Default [openai/gpt-4o]"", ""ok"": true, ""parsed"": 0.45}, {""name"": ""Claude-3.7-Sonnet (OR) [anthropic/claude-3.7-sonnet]"", ""ok"": true, ""parsed"": 0.35}, {""name"": ""Gemini [gemini-2.5-pro]"", ""ok"": true, ""parsed"": 0.38}, {""name"": ""Grok [grok-4]"", ""ok"": true, ""parsed"": 0.35}], ""p_core"": 0.38432432432432434}",core weighted mean of ensemble
20250910-095301__fall-aib-2025,2025-09-10 09:55:15 +0300,binary,core-ensemble,fall-aib-2025,core,https://www.metaculus.com/questions/38959/,38959,Will the US unemployment rate in November 2025 be below the rate in November 2024?,0.360714,,,,,0,,"{""method"": ""weighted_mean(core)"", ""n_ok"": 3, ""members"": [{""name"": ""OpenRouter-Default [openai/gpt-4o]"", ""ok"": true, ""parsed"": 0.43}, {""name"": ""Claude-3.7-Sonnet (OR) [anthropic/claude-3.7-sonnet]"", ""ok"": true, ""parsed"": 0.3}, {""name"": ""Gemini [gemini-2.5-pro]"", ""ok"": false, ""parsed"": null}, {""name"": ""Grok [grok-4]"", ""ok"": true, ""parsed"": 0.35}], ""p_core"": 0.36071428571428577}",core weighted mean of ensemble
20250911-022031__fall-aib-2025,2025-09-11 02:22:14 +0300,binary,core-ensemble,fall-aib-2025,core,https://www.metaculus.com/questions/38774/,38774,Will the following companies be added to the S&P 500 before October 2025? (HOOD),0.967027,,,,,0,,"{""method"": ""weighted_mean(core)"", ""n_ok"": 4, ""members"": [{""name"": ""OpenRouter-Default [openai/gpt-4o]"", ""ok"": true, ""parsed"": 0.95}, {""name"": ""Claude-3.7-Sonnet (OR) [anthropic/claude-3.7-sonnet]"", ""ok"": true, ""parsed"": 0.99}, {""name"": ""Gemini [gemini-2.5-pro]"", ""ok"": true, ""parsed"": 0.94}, {""name"": ""Grok [grok-4]"", ""ok"": true, ""parsed"": 0.99}], ""p_core"": 0.967027027027027}",core weighted mean of ensemble
20250911-023407__fall-aib-2025,2025-09-11 02:35:12 +0300,binary,core-ensemble,fall-aib-2025,core,https://www.metaculus.com/questions/38774/,38774,Will the following companies be added to the S&P 500 before October 2025? (HOOD),0.980270,,,,,0,,"{""method"": ""weighted_mean(core)"", ""n_ok"": 4, ""members"": [{""name"": ""OpenRouter-Default [openai/gpt-4o]"", ""ok"": true, ""parsed"": 0.99}, {""name"": ""Claude-3.7-Sonnet (OR) [anthropic/claude-3.7-sonnet]"", ""ok"": true, ""parsed"": 0.99}, {""name"": ""Gemini [gemini-2.5-pro]"", ""ok"": true, ""parsed"": 0.95}, {""name"": ""Grok [grok-4]"", ""ok"": true, ""parsed"": 0.99}], ""p_core"": 0.9802702702702701}",core weighted mean of ensemble
20250911-024815__fall-aib-2025,2025-09-11 02:49:35 +0300,binary,core-ensemble,fall-aib-2025,core,https://www.metaculus.com/questions/38774/,38774,Will the following companies be added to the S&P 500 before October 2025? (HOOD),0.990000,,,,,0,,"{""method"": ""weighted_mean(core)"", ""n_ok"": 4, ""members"": [{""name"": ""OpenRouter-Default [openai/gpt-4o]"", ""ok"": true, ""parsed"": 0.99}, {""name"": ""Claude-3.7-Sonnet (OR) [anthropic/claude-3.7-sonnet]"", ""ok"": true, ""parsed"": 0.99}, {""name"": ""Gemini [gemini-2.5-pro]"", ""ok"": true, ""parsed"": 0.99}, {""name"": ""Grok [grok-4]"", ""ok"": true, ""parsed"": 0.99}], ""p_core"": 0.99}",core weighted mean of ensemble
20250911-104827__fall-aib-2025,2025-09-11 10:50:27 +0300,numeric,core-ensemble,fall-aib-2025,core,https://www.metaculus.com/questions/38789/,38789,What percent of US health-related foreign development assistance for FY 2025 will be disbursed relative to funds allocated at the beginning of the fiscal year?,,,33.333333,50.000000,106.666667,0,,"{""method"": ""percentile-wise median (trimmed)"", ""n_members"": 4, ""available_counts"": {""P10"": 4, ""P20"": 4, ""P40"": 4, ""P50"": 1, ""P60"": 4, ""P80"": 4, ""P90"": 4}, ""p10"": 33.333333333333336, ""p50"": 50.0, ""p90"": 106.66666666666667}",percentile-wise median (trimmed)
20250911-113047__fall-aib-2025,2025-09-11 11:32:19 +0300,numeric,core-ensemble,fall-aib-2025,core,https://www.metaculus.com/questions/38789/,38789,What percent of US health-related foreign development assistance for FY 2025 will be disbursed relative to funds allocated at the beginning of the fiscal year?,,,38.333333,50.000000,110.000000,0,,"{""method"": ""percentile-wise median (trimmed)"", ""n_members"": 4, ""available_counts"": {""P10"": 4, ""P20"": 4, ""P40"": 4, ""P50"": 1, ""P60"": 4, ""P80"": 4, ""P90"": 4}, ""p10"": 38.333333333333336, ""p50"": 50.0, ""p90"": 110.0}",percentile-wise median (trimmed)
20250911-115245__fall-aib-2025,2025-09-11 11:55:24 +0300,numeric,core-ensemble,fall-aib-2025,core,https://www.metaculus.com/questions/38789/,38789,What percent of US health-related foreign development assistance for FY 2025 will be disbursed relative to funds allocated at the beginning of the fiscal year?,,,51.666667,78.166667,110.750000,0,,"{""method"": ""percentile-wise median (trimmed)"", ""n_members"": 4, ""available_counts"": {""P10"": 4, ""P20"": 4, ""P40"": 4, ""P50"": 0, ""P60"": 4, ""P80"": 4, ""P90"": 4}, ""p10"": 51.666666666666664, ""p50"": 78.16666666666667, ""p90"": 110.75}",percentile-wise median (trimmed)
20250911-221749__fall-aib-2025,2025-09-11 22:19:46 +0300,binary,core-ensemble,fall-aib-2025,core,https://www.metaculus.com/questions/38957/,38957,Will global average wealth per adult increase in 2024 compared to 2023?,0.884865,,,,,0,,"{""method"": ""weighted_mean(core)"", ""n_ok"": 4, ""members"": [{""name"": ""OpenRouter-Default [openai/gpt-4o]"", ""ok"": true, ""parsed"": 0.8}, {""name"": ""Claude-3.7-Sonnet (OR) [anthropic/claude-3.7-sonnet]"", ""ok"": true, ""parsed"": 0.85}, {""name"": ""Gemini [gemini-2.5-pro]"", ""ok"": true, ""parsed"": 0.96}, {""name"": ""Grok [grok-4]"", ""ok"": true, ""parsed"": 0.95}], ""p_core"": 0.8848648648648648}",core weighted mean of ensemble
20250911-222952__fall-aib-2025,2025-09-11 22:31:19 +0300,binary,core-ensemble,fall-aib-2025,core,https://www.metaculus.com/questions/38957/,38957,Will global average wealth per adult increase in 2024 compared to 2023?,0.894865,,,,,0,,"{""method"": ""weighted_mean(core)"", ""n_ok"": 4, ""members"": [{""name"": ""OpenRouter-Default [openai/gpt-4o]"", ""ok"": true, ""parsed"": 0.78}, {""name"": ""Claude-3.7-Sonnet (OR) [anthropic/claude-3.7-sonnet]"", ""ok"": true, ""parsed"": 0.95}, {""name"": ""Gemini [gemini-2.5-pro]"", ""ok"": true, ""parsed"": 0.93}, {""name"": ""Grok [grok-4]"", ""ok"": true, ""parsed"": 0.93}], ""p_core"": 0.8948648648648649}",core weighted mean of ensemble
20250911-224815__fall-aib-2025,2025-09-11 22:51:00 +0300,binary,core-ensemble,fall-aib-2025,core,https://www.metaculus.com/questions/38957/,38957,Will global average wealth per adult increase in 2024 compared to 2023?,0.802162,,,,,0,,"{""method"": ""weighted_mean(core)"", ""n_ok"": 4, ""members"": [{""name"": ""OpenRouter-Default [openai/gpt-4o]"", ""ok"": true, ""parsed"": 0.78}, {""name"": ""Claude-3.7-Sonnet (OR) [anthropic/claude-3.7-sonnet]"", ""ok"": true, ""parsed"": 0.82}, {""name"": ""Gemini [gemini-2.5-pro]"", ""ok"": true, ""parsed"": 0.72}, {""name"": ""Grok [grok-4]"", ""ok"": true, ""parsed"": 0.9}], ""p_core"": 0.8021621621621622}",core weighted mean of ensemble
20250911-232129__fall-aib-2025,2025-09-11 23:23:13 +0300,binary,core-ensemble,fall-aib-2025,core,https://www.metaculus.com/questions/38957/,38957,Will global average wealth per adult increase in 2024 compared to 2023?,0.885135,,,,,0,,"{""method"": ""weighted_mean(core)"", ""n_ok"": 4, ""members"": [{""name"": ""OpenRouter-Default [openai/gpt-4o]"", ""ok"": true, ""parsed"": 0.8}, {""name"": ""Claude-3.7-Sonnet (OR) [anthropic/claude-3.7-sonnet]"", ""ok"": true, ""parsed"": 0.85}, {""name"": ""Gemini [gemini-2.5-pro]"", ""ok"": true, ""parsed"": 0.97}, {""name"": ""Grok [grok-4]"", ""ok"": true, ""parsed"": 0.94}], ""p_core"": 0.885135135135135}",core weighted mean of ensemble
20250912-012043__fall-aib-2025,2025-09-12 01:21:50 +0300,binary,core-ensemble,fall-aib-2025,core,https://www.metaculus.com/questions/38954/,38954,Will Grand Theft Auto VI be released in Europe in 2025?,0.025135,,,,,0,,"{""method"": ""weighted_mean(core)"", ""n_ok"": 4, ""members"": [{""name"": ""OpenRouter-Default [openai/gpt-4o]"", ""ok"": true, ""parsed"": 0.03}, {""name"": ""Claude-3.7-Sonnet (OR) [anthropic/claude-3.7-sonnet]"", ""ok"": true, ""parsed"": 0.03}, {""name"": ""Gemini [gemini-2.5-pro]"", ""ok"": true, ""parsed"": 0.01}, {""name"": ""Grok [grok-4]"", ""ok"": true, ""parsed"": 0.03}], ""p_core"": 0.025135135135135135}",core weighted mean of ensemble
20250912-013614__fall-aib-2025,2025-09-12 01:37:09 +0300,binary,core-ensemble,fall-aib-2025,core,https://www.metaculus.com/questions/38954/,38954,Will Grand Theft Auto VI be released in Europe in 2025?,0.075135,,,,,0,,"{""method"": ""weighted_mean(core)"", ""n_ok"": 4, ""members"": [{""name"": ""OpenRouter-Default [openai/gpt-4o]"", ""ok"": true, ""parsed"": 0.2}, {""name"": ""Claude-3.7-Sonnet (OR) [anthropic/claude-3.7-sonnet]"", ""ok"": true, ""parsed"": 0.02}, {""name"": ""Gemini [gemini-2.5-pro]"", ""ok"": true, ""parsed"": 0.02}, {""name"": ""Grok [grok-4]"", ""ok"": true, ""parsed"": 0.05}], ""p_core"": 0.07513513513513514}",core weighted mean of ensemble
20250912-014900__fall-aib-2025,2025-09-12 01:50:01 +0300,binary,core-ensemble,fall-aib-2025,core,https://www.metaculus.com/questions/38954/,38954,Will Grand Theft Auto VI be released in Europe in 2025?,0.025135,,,,,0,,"{""method"": ""weighted_mean(core)"", ""n_ok"": 4, ""members"": [{""name"": ""OpenRouter-Default [openai/gpt-4o]"", ""ok"": true, ""parsed"": 0.05}, {""name"": ""Claude-3.7-Sonnet (OR) [anthropic/claude-3.7-sonnet]"", ""ok"": true, ""parsed"": 0.01}, {""name"": ""Gemini [gemini-2.5-pro]"", ""ok"": true, ""parsed"": 0.01}, {""name"": ""Grok [grok-4]"", ""ok"": true, ""parsed"": 0.03}], ""p_core"": 0.025135135135135135}",core weighted mean of ensemble
20250912-022041__fall-aib-2025,2025-09-12 02:21:49 +0300,binary,core-ensemble,fall-aib-2025,core,https://www.metaculus.com/questions/38954/,38954,Will Grand Theft Auto VI be released in Europe in 2025?,0.025000,,,,,0,,"{""method"": ""weighted_mean(core)"", ""n_ok"": 3, ""members"": [{""name"": ""OpenRouter-Default [openai/gpt-4o]"", ""ok"": true, ""parsed"": 0.02}, {""name"": ""Claude-3.7-Sonnet (OR) [anthropic/claude-3.7-sonnet]"", ""ok"": true, ""parsed"": 0.01}, {""name"": ""Gemini [gemini-2.5-pro]"", ""ok"": false, ""parsed"": null}, {""name"": ""Grok [grok-4]"", ""ok"": true, ""parsed"": 0.05}], ""p_core"": 0.025000000000000005}",core weighted mean of ensemble
20250912-023413__fall-aib-2025,2025-09-12 02:36:31 +0300,binary,core-ensemble,fall-aib-2025,core,https://www.metaculus.com/questions/38954/,38954,Will Grand Theft Auto VI be released in Europe in 2025?,0.019730,,,,,0,,"{""method"": ""weighted_mean(core)"", ""n_ok"": 4, ""members"": [{""name"": ""OpenRouter-Default [openai/gpt-4o]"", ""ok"": true, ""parsed"": 0.03}, {""name"": ""Claude-3.7-Sonnet (OR) [anthropic/claude-3.7-sonnet]"", ""ok"": true, ""parsed"": 0.01}, {""name"": ""Gemini [gemini-2.5-pro]"", ""ok"": true, ""parsed"": 0.01}, {""name"": ""Grok [grok-4]"", ""ok"": true, ""parsed"": 0.03}], ""p_core"": 0.019729729729729733}",core weighted mean of ensemble
20250912-044439__fall-aib-2025,2025-09-12 04:46:16 +0300,binary,core-ensemble,fall-aib-2025,core,https://www.metaculus.com/questions/38813/,38813,Will the following companies be added to the S&P 500 before October 2025? (ARES),0.210270,,,,,0,,"{""method"": ""weighted_mean(core)"", ""n_ok"": 4, ""members"": [{""name"": ""OpenRouter-Default [openai/gpt-4o]"", ""ok"": true, ""parsed"": 0.25}, {""name"": ""Claude-3.7-Sonnet (OR) [anthropic/claude-3.7-sonnet]"", ""ok"": true, ""parsed"": 0.35}, {""name"": ""Gemini [gemini-2.5-pro]"", ""ok"": true, ""parsed"": 0.02}, {""name"": ""Grok [grok-4]"", ""ok"": true, ""parsed"": 0.2}], ""p_core"": 0.21027027027027026}",core weighted mean of ensemble
20250912-055807__fall-aib-2025,2025-09-12 06:01:00 +0300,binary,core-ensemble,fall-aib-2025,core,https://www.metaculus.com/questions/38813/,38813,Will the following companies be added to the S&P 500 before October 2025? (ARES),0.181622,,,,,0,,"{""method"": ""weighted_mean(core)"", ""n_ok"": 4, ""members"": [{""name"": ""OpenRouter-Default [openai/gpt-4o]"", ""ok"": true, ""parsed"": 0.22}, {""name"": ""Claude-3.7-Sonnet (OR) [anthropic/claude-3.7-sonnet]"", ""ok"": true, ""parsed"": 0.24}, {""name"": ""Gemini [gemini-2.5-pro]"", ""ok"": true, ""parsed"": 0.04}, {""name"": ""Grok [grok-4]"", ""ok"": true, ""parsed"": 0.22}], ""p_core"": 0.18162162162162163}",core weighted mean of ensemble
20250912-154539__fall-aib-2025,2025-09-12 15:46:56 +0300,numeric,core-ensemble,fall-aib-2025,core,https://www.metaculus.com/questions/38829/,38829,What will be the change in seasonally adjusted nonfarm payroll employment in the following months? (Sep-25),,,-55006.666667,8361.666667,40066.666667,0,,"{""method"": ""percentile-wise median (trimmed)"", ""n_members"": 4, ""available_counts"": {""P10"": 4, ""P20"": 4, ""P40"": 4, ""P50"": 0, ""P60"": 4, ""P80"": 4, ""P90"": 4}, ""p10"": -55006.666666666664, ""p50"": 8361.666666666668, ""p90"": 40066.666666666664}",percentile-wise median (trimmed)
20250912-162937__fall-aib-2025,2025-09-12 16:31:14 +0300,numeric,core-ensemble,fall-aib-2025,core,https://www.metaculus.com/questions/38829/,38829,What will be the change in seasonally adjusted nonfarm payroll employment in the following months? (Sep-25),,,-63350.000000,6688.333333,40073.333333,0,,"{""method"": ""percentile-wise median (trimmed)"", ""n_members"": 4, ""available_counts"": {""P10"": 4, ""P20"": 4, ""P40"": 4, ""P50"": 0, ""P60"": 4, ""P80"": 4, ""P90"": 4}, ""p10"": -63350.0, ""p50"": 6688.333333333333, ""p90"": 40073.333333333336}",percentile-wise median (trimmed)
20250912-172155__fall-aib-2025,2025-09-12 17:23:07 +0300,binary,core-ensemble,fall-aib-2025,core,https://www.metaculus.com/questions/38751/,38751,Which party will win the most seats in the Storting in the 2025 Norwegian election? (Liberal),0.010000,,,,,0,,"{""method"": ""weighted_mean(core)"", ""n_ok"": 3, ""members"": [{""name"": ""OpenRouter-Default [openai/gpt-4o]"", ""ok"": true, ""parsed"": 0.01}, {""name"": ""Claude-3.7-Sonnet (OR) [anthropic/claude-3.7-sonnet]"", ""ok"": true, ""parsed"": 0.01}, {""name"": ""Gemini [gemini-2.5-pro]"", ""ok"": false, ""parsed"": null}, {""name"": ""Grok [grok-4]"", ""ok"": true, ""parsed"": 0.01}], ""p_core"": 0.01}",core weighted mean of ensemble
